<?xml version="1.0" encoding="UTF-8" standalone="yes" ?>
<!--
   New Perspectives on XML
   Tutorial 2
   Case Problem 2

   Second MathML Equation

   Filename:         eq2.xml
   Supporting Files: 
-->

   <mrow>
     <mi>x</mi>
     <mo>=</mo>
     <mfrac>
        <mrow>
         <mrow>
           <mo>-</mo>
           <mi>b</mi>
         </mrow>
         <mo>&#177;</mo>
         <msqrt>
           <mrow>
             <msup>
               <mi>b</mi>
               <mn>2</mn>
             </msup>
             <mo>-</mo>
             <mrow>
               <mn>4</mn>
               <mi>a</mi>
               <mi>c</mi>
             </mrow>
           </mrow>
         </msqrt>
       </mrow>
       <mrow>
         <mn>2</mn>
         <mi>a</mi>
       </mrow>
     </mfrac>
   </mrow>